{"mean": [45.5172981878089, 0.21087314662273476, 2.329489291598023, 18.187808896210875, 1.128500823723229, 4.387149917627677], "scale": [13.093477655511059, 0.4079285018923788, 0.9040474081112538, 7.71277954732836, 0.9166022564107678, 2.40469741059105], "feature_names": ["Age", "Gender_encoded", "Years_of_experience", "Field_slop", "Quality_score_encoded", "Field_encoded"]}